,PIds,Name,Status
0,0,System Idle Process,running
1,4,System,running
2,32,ShellExperienceHost.exe,stopped
3,120,Registry,running
4,224,msedgewebview2.exe,running
5,480,smss.exe,running
6,508,svchost.exe,running
7,532,winlogon.exe,running
8,552,fontdrvhost.exe,running
9,756,csrss.exe,running
10,764,MiniSearchHost.exe,stopped
11,844,svchost.exe,running
12,848,wininit.exe,running
13,868,csrss.exe,running
14,920,services.exe,running
15,940,lsass.exe,running
16,1016,svchost.exe,running
17,1048,WUDFHost.exe,running
18,1096,SearchHost.exe,stopped
19,1132,svchost.exe,running
20,1172,fontdrvhost.exe,running
21,1196,Lenovo.Modern.ImController.PluginHost.Device.exe,running
22,1236,svchost.exe,running
23,1308,ModuleCoreService.exe,running
24,1324,WUDFHost.exe,running
25,1340,chrome.exe,running
26,1384,dwm.exe,running
27,1456,svchost.exe,running
28,1472,WUDFHost.exe,running
29,1568,svchost.exe,running
30,1576,svchost.exe,running
31,1632,svchost.exe,running
32,1640,svchost.exe,running
33,1676,svchost.exe,running
34,1696,svchost.exe,running
35,1844,svchost.exe,running
36,1852,RtkAudUService64.exe,running
37,1860,IntelCpHDCPSvc.exe,running
38,1892,svchost.exe,running
39,1904,svchost.exe,running
40,1956,svchost.exe,running
41,2036,svchost.exe,running
42,2168,svchost.exe,running
43,2188,svchost.exe,running
44,2224,ProtectedModuleHost.exe,running
45,2244,svchost.exe,running
46,2284,svchost.exe,running
47,2396,igfxCUIServiceN.exe,running
48,2420,svchost.exe,running
49,2428,MMSSHOST.exe,running
50,2456,svchost.exe,running
51,2488,chrome.exe,running
52,2628,svchost.exe,running
53,2688,svchost.exe,running
54,2700,svchost.exe,running
55,2780,svchost.exe,running
56,2808,svchost.exe,running
57,2844,MemCompression,running
58,2932,svchost.exe,running
59,2964,svchost.exe,running
60,3016,AutoModeDetect.exe,running
61,3024,svchost.exe,running
62,3032,svchost.exe,running
63,3068,svchost.exe,running
64,3096,spoolsv.exe,running
65,3128,svchost.exe,running
66,3168,svchost.exe,running
67,3264,wlanext.exe,running
68,3280,conhost.exe,running
69,3284,svchost.exe,running
70,3316,msedge.exe,running
71,3416,svchost.exe,running
72,3424,OfficeClickToRun.exe,running
73,3448,svchost.exe,running
74,3468,DAX3API.exe,running
75,3492,svchost.exe,running
76,3528,ElevocControlService.exe,running
77,3548,msedge.exe,running
78,3552,esif_uf.exe,running
79,3576,OneApp.IGCC.WinService.exe,running
80,3596,svchost.exe,running
81,3604,svchost.exe,running
82,3672,Lenovo.Modern.ImController.exe,running
83,3712,IntelAudioService.exe,running
84,3728,svchost.exe,running
85,3788,svchost.exe,running
86,3812,LenovoUtilityService.exe,running
87,3856,LenovoVantageService.exe,running
88,3864,LNBITSSvc.exe,running
89,3876,LMS.exe,running
90,3888,svchost.exe,running
91,3900,VoiceAssistantService.exe,running
92,3928,mongod.exe,running
93,3964,SgrmBroker.exe,running
94,3976,WmiApSrv.exe,running
95,4056,UDClientService.exe,running
96,4068,RstMwService.exe,running
97,4088,mysqld.exe,running
98,4136,svchost.exe,running
99,4148,WMIRegistrationService.exe,running
100,4184,svchost.exe,running
101,4200,svchost.exe,running
102,4260,ModuleCoreService.exe,running
103,4328,jhi_service.exe,running
104,4348,chrome.exe,running
105,4868,svchost.exe,running
106,5160,svchost.exe,running
107,5204,svchost.exe,running
108,5272,svchost.exe,running
109,5292,mysqld.exe,running
110,5324,conhost.exe,running
111,5360,pycharm64.exe,running
112,5476,AggregatorHost.exe,running
113,5540,svchost.exe,running
114,5580,RuntimeBroker.exe,running
115,5696,unsecapp.exe,running
116,5704,WmiPrvSE.exe,running
117,5848,powershell.exe,running
118,5888,svchost.exe,running
119,6208,svchost.exe,running
120,6244,chrome.exe,running
121,6312,svchost.exe,running
122,6432,svchost.exe,running
123,6488,DAX3API.exe,running
124,6516,chrome.exe,running
125,6576,msedge.exe,running
126,6652,conhost.exe,running
127,6944,uihost.exe,running
128,7064,svchost.exe,running
129,7192,conhost.exe,running
130,7208,fsnotifier.exe,running
131,7216,conhost.exe,running
132,7260,ModuleCoreService.exe,running
133,7264,svchost.exe,running
134,7300,sihost.exe,running
135,7328,svchost.exe,running
136,7428,svchost.exe,running
137,7476,PEFService.exe,running
138,7480,cmd.exe,running
139,7492,svchost.exe,running
140,7532,SecurityHealthSystray.exe,running
141,7548,python.exe,running
142,7620,taskhostw.exe,running
143,7640,dllhost.exe,running
144,7828,svchost.exe,running
145,7864,svchost.exe,running
146,7916,igfxEMN.exe,running
147,7948,ctfmon.exe,running
148,8092,explorer.exe,running
149,8128,msedge.exe,running
150,8224,svchost.exe,running
151,8268,FnHotkeyUtility.exe,running
152,8376,svchost.exe,running
153,8420,svchost.exe,running
154,8456,StartMenuExperienceHost.exe,running
155,8560,unsecapp.exe,running
156,9068,SearchIndexer.exe,running
157,9076,RuntimeBroker.exe,running
158,9136,msedge.exe,running
159,9160,RuntimeBroker.exe,running
160,9376,Lenovo.Modern.ImController.PluginHost.Device.exe,running
161,9428,dllhost.exe,running
162,9476,msedgewebview2.exe,running
163,9536,msedge.exe,running
164,9552,cmd.exe,running
165,9632,MfeAVSvc.exe,running
166,9812,mcapexe.exe,running
167,9936,svchost.exe,running
168,10108,LenovoVantage-(DeviceSettingsSystemAddin).exe,running
169,10372,svchost.exe,running
170,10456,McCSPServiceHost.exe,running
171,10632,GoogleCrashHandler.exe,running
172,10656,GoogleCrashHandler64.exe,running
173,10796,SecurityHealthService.exe,running
174,10860,RtkAudUService64.exe,running
175,10912,SystemSettingsBroker.exe,running
176,10936,chrome.exe,running
177,10956,conhost.exe,running
178,11008,chrome.exe,running
179,11200,Notepad.exe,running
180,11208,svchost.exe,running
181,11296,chrome.exe,running
182,11380,Widgets.exe,running
183,11504,chrome.exe,running
184,11536,chrome.exe,running
185,11684,BatteryWidgetHost.exe,running
186,11760,msedgewebview2.exe,running
187,11784,msedgewebview2.exe,running
188,11916,SystemSettings.exe,stopped
189,11952,msedgewebview2.exe,running
190,11988,msedgewebview2.exe,running
191,12092,msedgewebview2.exe,running
192,12204,UserOOBEBroker.exe,running
193,12232,QSHelper.exe,running
194,12472,LenovoVantage-(VantageCoreAddin).exe,running
195,12536,msteams.exe,running
196,12848,RuntimeBroker.exe,running
197,13040,msedgewebview2.exe,running
198,13056,msedgewebview2.exe,running
199,13164,msedgewebview2.exe,running
200,13272,msedgewebview2.exe,running
201,13280,msedgewebview2.exe,running
202,13708,conhost.exe,running
203,14100,svchost.exe,running
204,14116,svchost.exe,running
205,14224,servicehost.exe,running
206,14300,chrome.exe,running
207,14408,LenovoVantage-(IdeaNotebookAddin).exe,running
208,14416,LenovoVantage-(SettingsWidgetAddin).exe,running
209,14468,conhost.exe,running
210,14548,svchost.exe,running
211,14652,dllhost.exe,running
212,14764,mfemms.exe,running
213,14840,conhost.exe,running
214,14848,mfevtps.exe,running
215,14936,msedgewebview2.exe,running
216,14952,GlobalPresenter.exe,running
217,15432,msedgewebview2.exe,running
218,15440,msedgewebview2.exe,running
219,15512,msedgewebview2.exe,running
220,15612,chrome.exe,running
221,15616,msedgewebview2.exe,running
222,15688,msedge.exe,running
223,15892,Locator.exe,running
224,15980,RuntimeBroker.exe,running
225,16128,Telegram.exe,running
226,16140,cmd.exe,running
227,16768,McUICnt.exe,running
228,17116,svchost.exe,running
229,17276,ApplicationFrameHost.exe,running
230,17340,chrome.exe,running
231,17576,dllhost.exe,running
232,17588,QcShm.exe,running
233,17728,svchost.exe,running
234,17740,mcshield.exe,running
235,17792,msedge.exe,running
236,17908,svchost.exe,running
237,17920,chrome.exe,running
238,18220,conhost.exe,running
239,18260,RtkUWP.exe,stopped
240,18520,dllhost.exe,running
241,18552,Notepad.exe,running
242,18604,chrome.exe,running
243,18800,chrome.exe,running
244,19120,chrome.exe,running
245,19524,RuntimeBroker.exe,running
246,20052,msedge.exe,running
247,20844,svchost.exe,running
248,20972,chrome.exe,running
249,21120,svchost.exe,running
250,21596,chrome.exe,running
251,22460,chrome.exe,running
252,22560,chrome.exe,running
253,22608,chrome.exe,running
254,22780,chrome.exe,running
255,23288,chrome.exe,running
256,23568,dllhost.exe,running
257,23980,chrome.exe,running
258,24188,chrome.exe,running
259,24356,python.exe,running
260,24452,chrome.exe,running
261,25532,chrome.exe,running
262,25748,chrome.exe,running
263,25824,py.exe,running
264,26628,svchost.exe,running
265,26724,LockApp.exe,stopped
266,26852,RuntimeBroker.exe,running
267,27024,chrome.exe,running
268,27256,chrome.exe,running
269,27304,python.exe,running
270,27688,chrome.exe,running
271,27696,chrome.exe,running
272,27824,chrome.exe,running
273,27948,audiodg.exe,running
274,28640,chrome.exe,running
275,28696,chrome.exe,running
276,28720,chrome.exe,running
277,29040,python.exe,running
278,29108,python.exe,running
279,29312,Notepad.exe,running
280,29452,chrome.exe,running
281,29584,chrome.exe,running
282,29604,chrome.exe,running
283,29668,chrome.exe,running
284,29708,chrome.exe,running
285,29976,chrome.exe,running
286,30004,chrome.exe,running
